ID,Cluster,Sitasi,Judul,Venue,Tahun,Sitasi_OpenAlex,Asal,DOI_URL,Metode,Data,Unit_analisis,Metrik,Kontribusi,Limitasi,Relevansi,Abstrak_ringkas
Jones 2022,C1,Jones (2022),Global and Regional Trends and Drivers of Fire Under Climate Change,Reviews of Geophysics,2022,1315,GB,https://doi.org/10.1029/2020rg000726,Systematic review of attribution studies,Literatur global + indeks fire weather,Global/regional,"Tren, atribusi",Menyintesis bukti bahwa iklim mendorong tren kebakaran; dasar urgensi,"Review, bukan model prediktif; tanpa resolusi operasional",Sedang — pijakan urgensi,
Jain 2020,C1,Jain (2020),A review of machine learning applications in wildfire science and management,Environmental Reviews,2020,759,CA,https://doi.org/10.1139/er-2020-0019,Systematic review ML di wildfire,Literatur 1990-an–2020,Global,Taksonomi metode,"Peta resmi aplikasi ML: deteksi, susceptibility, perilaku api; menandai data imbalance & generalisasi sebagai masalah terbuka",Tidak membandingkan model secara empiris,Kuat — justifikasi baseline ML & celah,
Vadrevu 2019,C1,Vadrevu (2019),Trends in Vegetation fires in South and Southeast Asian Countries,Scientific Reports,2019,230,US,https://doi.org/10.1038/s41598-019-43940-x,Analisis tren MODIS 2003–2016 + VIIRS 2012–2016,MODIS & VIIRS active fire,"Negara, tipe vegetasi","Frekuensi, anomali","Bukti kuantitatif tren kebakaran Asia Tenggara termasuk Indonesia, per tipe vegetasi","Resolusi negara/poligon, bukan grid operasional harian; berhenti 2016",Kuat — pembenaran wilayah & tipe lahan,
Liu 2019,C1,Liu (2019),Diagnosing spatial biases and uncertainties in global fire emissions inventories: Indonesia as regional case study,Remote Sensing of Environment,2019,249,US,https://doi.org/10.1016/j.rse.2019.111557,Audit ketidakpastian inventaris emisi vs observasi satelit,Inventaris emisi global + active fire Indonesia,Regional Indonesia,"Bias, ketidakpastian",Menunjukkan bias spasial inventaris berbasis satelit untuk Indonesia,"Berhenti di emisi, bukan prioritisasi tindakan",Sedang — dasar kehati-hatian data satelit,
Negara 2020,C1,Negara (2020),Riau Forest Fire Prediction using Supervised Machine Learning,Journal of Physics Conference Series,2020,19,ID,https://doi.org/10.1088/1742-6596/1566/1/012002,Klasifikasi supervised ML,Hotspot + variabel iklim Riau,Grid/provinsi,"Akurasi, presisi",Kasus Indonesia: 16.178 hotspot Sep 2019; prediksi kebakaran Riau dengan ML,"Evaluasi klasifikasi, tanpa keputusan; imbalance tidak ditangani",Kuat — baseline ML lokal & pesaing terdekat,
Rosadi 2021,C1,Rosadi (2021),Improving Machine Learning Prediction of Peatlands Fire Occurrence for Unbalanced Data Using SMOTE Approach,IEEE DataBIA (prosiding),2021,19,ID,https://doi.org/10.1109/databia53375.2021.9650084,ML + SMOTE untuk data tidak seimbang,Data lahan gambut Indonesia,Titik/grid gambut,"Recall, presisi (kelas minoritas)",Menangani imbalance kelas minoritas — persis masalah yang kita hadapi,Fokus Indonesia (bukan khusus Sumatra); tetap klasifikasi titik,Kuat — preseden teknis untuk imbalance,
Hidayanto 2021,C1,Hidayanto (2021),Peatland Data Fusion for Forest Fire Susceptibility Prediction Using Machine Learning,2021 4th International Seminar on Research of Information Technology and Intelligent Systems (ISRITI),2021,7,ID,https://doi.org/10.1109/isriti54043.2021.9702762,Fusi data multi-sumber + ML susceptibility,"MODIS + data gambut, Pulang Pisau Kalteng",Kabupaten,"Akurasi, AUC",Contoh fusi data gambut–satelit untuk kerentanan kebakaran,"Skala kabupaten, sekali wilayah",Sedang — pola fusi data,
Sekarjati 2025,C1,Sekarjati (2025),"Assessing Peatland Fire Susceptibility Using GIS and Machine Learning in Riau Province, Indonesia",International Journal of Geoinformatics,2025,0,TH,https://doi.org/10.52939/ijg.v21i10.4531,GIS + ML susceptibility,"Hotspot + layer lingkungan, Riau 2019–2023",Provinsi/grid,Peta susceptibility,Analisis spasial hotspot musim kering Riau 2019–2023,"Statis (peta kerentanan), bukan prediksi harian t+1","Kuat — wilayah sama, tapi horizon berbeda",
Kurniawan 2025,C1,Kurniawan (2025),Data-driven model for predicting peatland fire hotspots and carbon emissions in South Kalimantan,Wetlands Ecology and Management,2025,1,ID,https://doi.org/10.1007/s11273-025-10058-z,"Model berbasis data, prediksi hotspot + emisi",Hotspot + gambut Kalsel,Provinsi,"Prediksi hotspot, emisi",Menghubungkan prediksi hotspot ke emisi karbon,"Kalimantan, bukan Sumatra; tanpa keputusan patroli",Sedang — struktur output,
Nurdiati 2024,C1,Nurdiati (2024),"Sensitivity and feature importance of climate factors and evaluation of different machine learning models for predicting fire hotspots in Kalimantan, Indonesia",IAES International Journal of Artificial Intelligence,2024,1,,https://doi.org/10.11591/ijai.v13.i2.pp2212-2225,Uji sensitivitas + feature importance berbagai ML,Hotspot + faktor iklim Kalimantan,Provinsi,"Feature importance, performa model",Menekankan analisis sensitivitas variabel iklim — praktik yang kita tiru,"Kalimantan; tetap klasifikasi, tanpa K",Kuat — templat analisis sensitivitas,
Judijanto 2025,C1,Judijanto (2025),"AI-POWERED PREDICTIVE MODELING OF FOREST FIRE RISK IN RIAU PROVINCE BASED ON CLIMATE, PEATLAND, AND LAND USE DATA",Journal of Selvicoltura Asean,2025,0,ID,https://doi.org/10.70177/jsa.v2i3.2484,Model prediktif (iklim+gambut+tata guna lahan),Multi-layer Riau,Provinsi,Risiko,"Menggabungkan iklim, gambut, dan penggunaan lahan di Riau",Sangat baru/sitasi nol; peer-review belum teruji,Kuat sebagai pesaing langsung — wajib dibedakan,
JQMA 2025,C1,JQMA (2025),Forecasting Locations of Forest Fires in Indonesia Through Nonparametric Predictive Inference with Parametric Copula: A Case Study,Journal of Quality Measurement and Analysis,2025,0,MY,https://doi.org/10.17576/jqma.2101.2025.15,Nonparametric predictive inference + copula,Data kebakaran Indonesia,Lokasi (titik/region),Probabilitas lokasi,Alternatif non-ML untuk prediksi lokasi; mengkritik celah non-geografis ML,"Bukan Markov, bukan harian per grid",Sedang — pembanding pendekatan probabilistik. CATATAN: penulis tidak tercatat di OpenAlex/Crossref; verifikasi manual di halaman jurnal,
Wooster 2021,C2,Wooster (2021),"Satellite remote sensing of active fires: History and current status, applications and future requirements",Remote Sensing of Environment,2021,284,GB,https://doi.org/10.1016/j.rse.2021.112694,Review teknis sensor active fire,Landsat/MODIS/VIIRS/Sentinel,Global,Karakteristik sensor,Referensi kanonik definisi & keterbatasan active fire; menyatakan keterbatasan 1 km,Review; tidak ada model risiko,Kuat — pembenaran pilihan VIIRS & limitasi proxy,
Chuvieco 2020,C2,Chuvieco (2020),Satellite Remote Sensing Contributions to Wildland Fire Science and Management,Current Forestry Reports,2020,261,ES,https://doi.org/10.1007/s40725-020-00116-5,Review aplikasi manajemen,Satelit multi-misi,Global,Berbagai,Menghubungkan produk satelit ke kebutuhan manajemen kebakaran,Tidak operasional untuk prioritisasi harian,Sedang — jembatan sains→manajemen,
Chuvieco 2019,C2,Chuvieco (2019),Historical background and current developments for mapping burned area from satellite Earth observation,Remote Sensing of Environment,2019,631,ES,https://doi.org/10.1016/j.rse.2019.02.013,Review burned area,AVHRR/MODIS/Sentinel,Global,Burned area,Menegaskan perbedaan burnt area vs active fire — krusial untuk framing proxy kita,Burned area tidak sama dengan hotspot harian,Kuat — dasar argumen 'proxy',
Field 2015,C2,Field (2015),Development of a Global Fire Weather Database,Natural hazards and earth system sciences,2015,150,US,https://doi.org/10.5194/nhess-15-1407-2015,Implementasi FWI Kanada global 1980–,"Data cuaca grid global 0,7°",Grid ~70 km,Indeks FWI harian,Menunjukkan indeks cuaca api global dapat dihitung harian dari reanalysis,Resolusi terlalu kasar untuk 10 km; indeks ≠ probabilitas state,Sedang — alternatif/baseline cuaca,
Barmpoutis 2020,C2,Barmpoutis (2020),A Review on Early Forest Fire Detection Systems Using Optical Remote Sensing,Sensors,2020,540,GR,https://doi.org/10.3390/s20226442,Review sistem deteksi dini,Sensor optik,Global,Deteksi,Ringkasan sistem deteksi dini berbasis optik dan keterbatasannya,"Fokus deteksi, bukan prediksi t+1",Sedang — peta teknologi,
Chen 2023,C2,Chen (2023),Multi-decadal trends and variability in burned area from the fifth version of the Global Fire Emissions Database (GFED5),Earth system science data,2023,205,US,https://doi.org/10.5194/essd-15-5227-2023,Fusi multi-sumber data satelit,Burned area 1997–2020,"0,25° global",Burned area,Dataset panjang untuk validasi/konteks tren,Resolusi kasar untuk grid 10 km,Lemah–sedang — konteks,
Singh 2015,C3,Singh (2015),Predicting Spatial and Decadal LULC Changes Through Cellular Automata Markov Chain Models Using Earth Observation Datasets and Geo-information,Environmental Processes,2015,397,IN,https://doi.org/10.1007/s40710-015-0062-x,CA-Markov + Earth Observation,Citra multi-waktu,Grid raster,Kesesuaian prediksi vs aktual,Templat klasik CA-Markov: transisi state spasial + validasi prediksi,"Transisi homogen (waktu-invarian), tanpa covariate harian; skala tahunan","Kuat — dasar metode, sumber kritik kita",
Barros 2018,C3,Barros (2018),Markov chains and cellular automata to predict environments subject to desertification,Journal of Environmental Management,2018,53,BR,https://doi.org/10.1016/j.jenvman.2018.07.064,Rantai Markov + CA,Data lingkungan multi-temporal,Grid raster,Proyeksi state,Contoh Markov untuk perubahan state lingkungan,"Skala tahunan/dekadal, bukan harian; tanpa covariate dinamis",Sedang — analogi metodologis,
Mondal 2016,C3,Mondal (2016),Statistical independence test and validation of CA Markov land use land cover (LULC) prediction results,The Egyptian Journal of Remote Sensing and Space Science,2016,194,DE,https://doi.org/10.1016/j.ejrs.2016.08.001,Uji independensi statistik + validasi,Peta LULC multi-waktu,Raster,"Uji validitas, akurasi",Menekankan uji validitas formal sebelum mempercayai prediksi Markov — kita pakai untuk validasi,"LULC, bukan kebakaran",Kuat — protokol validasi,
Leta 2021,C3,Leta (2021),"Modeling and Prediction of Land Use Land Cover Change Dynamics Based on Land Change Modeler (LCM) in Nashe Watershed, Upper Blue Nile Basin, Ethiopia",Sustainability,2021,291,ET,https://doi.org/10.3390/su13073740,LCM (Markov + regresi transisi),Citra Landsat multi-temporal,DAS,Kuantitas & lokasi perubahan,Menambahkan prediktor (covariate) ke transisi — versi LCM dari gagasan kita,Bukan kebakaran; skala tahunan,Kuat — preseden transisi bergantung-covariate,
Albert‐Green 2013,C3,Albert‐Green (2013),Visualization tools for assessing the Markov property: sojourn times in the forest Fire Weather Index in Ontario,Environmetrics,2013,9,CA,https://doi.org/10.1002/env.2237,Diagnostik properti Markov (sojourn time),Data FWI Kanada,Titik/stasiun,Distribusi sojourn time,Satu-satunya rujukan yang menguji asumsi Markov pada indeks kebakaran — senjata untuk menjawab reviewer,Bukan model prediksi; hanya diagnostik,SANGAT KUAT — pembelaan asumsi Markov,
Klappstein 2023,C3,Klappstein (2023),Flexible hidden Markov models for behaviour-dependent habitat selection,Movement Ecology,2023,12,CA,https://doi.org/10.1186/s40462-023-00392-3,HMM dengan transisi bergantung-covariate,Data telemetri hewan,Individu,Seleksi habitat,Preseden metodologis lengkap: transisi Markov dikondisikan pada covariate per waktu,"Domain ekologi, bukan kebakaran",Kuat — cetak biru formula,
Vienken 2025,C3,Vienken (2025),Inference on state occupancy in covariate-driven hidden Markov models,Methods in Ecology and Evolution,2025,0,,https://doi.org/10.1111/2041-210x.70361,Inferensi statistik untuk HMM bergantung-covariate,Data sensor,Individu,"Okupansi state, inferensi",Menetapkan kerangka inferensi formal untuk model state bergantung-covariate — yang kita butuhkan untuk klaim validitas,Domain gerak hewan; bukan spasial grid,Sangat kuat — pembenaran statistik,
Cole 2005,C3,Cole (2005),"A multistate Markov chain model for longitudinal, categorical quality-of-life data subject to non-ignorable missingness",Statistics in Medicine,2005,18,US,https://doi.org/10.1002/sim.2122,"Multistate Markov + covariate, tangani missingness",Data longitudinal kategori,Individu (kohort),Probabilitas transisi,Menunjukkan cara memasukkan covariate ke matriks transisi multistate + menangani data hilang,Domain medis; bukan ruang,Kuat — solusi untuk sel tanpa observasi,
Sitanggang 2022,C4,Sitanggang (2022),Indonesian Forest and Land Fire Prevention Patrol System,Fire,2022,14,ID,https://doi.org/10.3390/fire5050136,Sistem/model patroli pencegahan (review kasus),Perpres & praktik patroli terpadu KLHK,Nasional/desa,Efektivitas patroli,Deskripsi paling dekat dengan decision-maker kita: bagaimana patroli terpadu Indonesia bekerja,"Deskriptif, tanpa optimasi prioritisasi berbasis data",SANGAT KUAT — aktor & proses keputusan,
Nurhayati 2024,C4,Nurhayati (2024),Sebaran Hotspot dan Patroli Terpadu Pada Masa El - Nino 2023 Di Kabupaten Muaro Jambi,Journal of Tropical Silviculture,2024,0,ID,https://doi.org/10.29244/j-siltrop.15.03.279-286,Analisis deskriptif sebaran hotspot vs patroli,Hotspot 2023 + lokasi patroli terpadu,"Kabupaten, Jambi","Sebaran, tumpang tindih",Kasus lokal Sumatra: memetakan hotspot vs posisi patroli nyata,"Deskriptif, tanpa model prediktif",SANGAT KUAT — granularitas lokal Sumatera,
Zhou 2019,C4,Zhou (2019),A spatial optimization model for resource allocation for wildfire suppression and resident evacuation,Computers & Industrial Engineering,2019,38,US,https://doi.org/10.1016/j.cie.2019.106101,Optimasi spasial (preskriptif),Model matematis + data simulasi,Zona spasial,Optimasi alokasi,Tahap lanjut setelah prioritisasi: mengalokasikan sumber daya secara optimal,Bukan prediksi; asumsi data berbeda — di luar scope kita,Sedang — arah future work,
Momeni 2023,C4,Momeni (2023),A multi-agency coordination resource allocation and routing decision-making problem: A coordinated truck-and-drone DSS for improved wildfire detection coverage,International Journal of Disaster Risk Reduction,2023,21,IR,https://doi.org/10.1016/j.ijdrr.2023.104027,DSS + optimasi alokasi & rute,Model + studi kasus,Zona operasi,"Recall deteksi, alokasi",Contoh DSS penjaga hutan dengan output rekomendasi berbasis K terbatas,"Infrastruktur drone, bukan grid hotspot",Sedang — analogi metrik keputusan,
Yang 2017,C4,Yang (2017),Emergency logistics for wildfire suppression based on forecasted disaster evolution,Annals of Operations Research,2017,41,CN,https://doi.org/10.1007/s10479-017-2598-9,Optimasi logistik 2 lapis,Model + evolusi kebakaran prakiraan,Depot–titik permintaan,Biaya/biaya logistik,Kaitan antara prakiraan dan keputusan logistik,"Pemadaman, bukan pencegahan/patroli",Lemah–sedang,
Dilley 2005,C4,Dilley (2005),Natural Disaster Hotspots,World Bank (Disaster Risk Management Series),2005,904,,https://doi.org/10.1596/0-8213-5930-4,Analisis risiko global multi-bahaya,Data global,"Grid global 2,5°","Risiko (mortalitas, kerugian)",Kanonik: cara memetakan 'hotspot' risiko bencana untuk prioritisasi,Resolusi sangat kasar; bukan prediksi harian,Sedang — akar istilah hotspot risiko,
Taufik 2017,C4,Taufik (2017),Amplification of wildfire area burnt by hydrological drought in the humid tropics,Nature Climate Change,2017,191,ID,https://doi.org/10.1038/nclimate3280,Analisis statistik iklim–luas terbakar,Data kebakaran + indeks hidrologi tropis,Regional tropis,Korelasi/elastisitas,Bukti empiris: kekeringan hidrologis memperbesar luas terbakar di tropika — membenarkan covariate curah hujan kita,Tidak per grid harian; bukan model state,Kuat — justifikasi fitur CHIRPS,
Carmenta 2017,C4,Carmenta (2017),Perceptions across scales of governance and the Indonesian peatland fires,Global Environmental Change,2017,153,GB,https://doi.org/10.1016/j.gloenvcha.2017.08.001,Kualitatif: wawancara lintas skala,Wawancara pemangku kepentingan,Skala tata kelola,Persepsi,Menjelaskan konteks kelembagaan karhutla Indonesia — dasar klaim decision-maker,Tidak kuantitatif,Sedang — pembenaran aktor,
Jolly 2019,C4,Jolly (2019),Severe Fire Danger Index: A Forecastable Metric to Inform Firefighter and Community Wildfire Risk Management,Fire,2019,83,US,https://doi.org/10.3390/fire2030047,Metrik risiko yang dapat diprakirakan,Data cuaca + bahaya kebakaran,"Spasial, harian",Indeks bahaya,Menunjukkan metrik bahaya harian dapat dioperasionalkan untuk keputusan,Bukan probabilitas state grid; fokus cuaca,Sedang — pesaing/alternatif metrik,
Komara 2016,C5,Komara (2016),Sistem Pendukung Keputusan Penentuan Prioritas Pemadaman Hotspot Kebakaran Hutan dan Lahan Menggunakan Metode AHP dan Weighted Product,Jurnal Teknik Informatika dan Sistem Informasi (JUTISI),2016,5,ID,https://doi.org/10.28932/jutisi.v2i3.524,MCDM: AHP untuk bobot kriteria + Weighted Product untuk perankingan hotspot,"Hotspot + 11 kriteria spasial (luas terbakar, jarak sumber air, jarak jalan, jarak posko, arah angin, jarak pemukiman, jenis tanah, kelerengan) — Riau",Titik hotspot individual,Akurasi perankingan 91% (dibandingkan urutan pemadaman aktual),Bukti bahwa prioritisasi titik hotspot bisa dioperasionalkan dengan MCDM berbasis pakar — dan kriterianya (jarak dari posko) adalah definisi kapasitas patroli,"Bobot kriteria dari penilaian pakar, subjektif; tidak ada komponen prediktif t+1; titik hotspot (kebakaran sudah terjadi), bukan grid pencegahan",SANGAT KUAT — preseden langsung 'prioritas pemadaman hotspot' di Riau. Tapi tidak prediktif → pembeda kita jelas,
Widodo 2014,C5,Widodo (2014),"Pemodelan Spasial Resiko Kebakaran Hutan (Studi Kasus Provinsi Jambi, Sumatera)",Jurnal Pembangunan Wilayah dan Kota (Undip),2014,14,ID,https://doi.org/10.14710/pwk.v10i2.7643,"Regresi linier 8 variabel prediktor biofisik + antropogenik, dilanjutkan analisis spasial SIG",Variabel biofisik & antropogenik + kejadian kebakaran — Provinsi Jambi,Unit spasial provinsi/kabupaten (peta risiko),"R² 80,5%; accuracy 80,24% (confusion matrix)","Model risiko kebakaran Sumatra paling awal yang memisahkan prediktor biofisik vs antropogenik; menyatakan eksplisit bahwa tanpa peta risiko, patroli hotspot tidak dapat direncanakan","Statis (satu peta risiko, tanpa waktu); regresi linier tanpa struktur transisi; unit kasar; data 2003–2006","SANGAT KUAT — wilayah Jambi, dan kalimat 'patroli hotspot tidak dapat direncanakan' adalah justifikasi kita dari literatur lokal 2014",
Afrizal 2025,C5,Afrizal (2025),Analisis Spasial Tingkat Kerawanan Kebakaran Hutan dan Lahan di Kabupaten Indragiri Hulu,Daun: Jurnal Ilmiah Pertanian dan Kehutanan,2025,0 (Crossref: 0),ID,https://doi.org/10.33084/daun.v12i1.9750,Overlay SIG berbobot (skoring multi-parameter),"Jenis tanah, tutupan lahan, curah hujan, kependudukan, infrastruktur — Kab. Indragiri Hulu, Riau",Kecamatan (8 kecamatan teridentifikasi berisiko sangat tinggi),"Klasifikasi tingkat kerawanan (kualitatif, tanpa validasi prediktif)",Analisis kerawanan terbaru (2025) di kabupaten Riau dengan >1600 ha terbakar dalam 5 tahun,Skoring pakar tanpa bobot formal; skala kecamatan; statis; tanpa prediksi harian atau metrik keputusan,Kuat — kerawanan Riau dan referensi Indonesia terbaru; contoh persis arus yang kita kritik,
Singh 2021,C5,Singh (2021),Spatial-temporal variations in deforestation hotspots in Sumatra and Kalimantan from 2001–2018,Ecology and Evolution,2021,40,GB,https://doi.org/10.1002/ece3.7562,Emerging Hotspot Analysis (EHA) pada data Hansen Global Forest Change,Hansen annual forest loss 2001–2018 — Sumatra & Kalimantan,"Grid/poligon hotspot deforestasi, tahunan","Klasifikasi tipe hotspot (consecutive, oscillating, sporadic, intensifying, persistent)",Kerangka klasifikasi hotspot spatio-temporal + argumen bahwa identifikasi hotspot 'emerging' dapat mengarahkan prioritas konservasi sumber daya terbatas — **persis logika prioritisasi kita**,Data tahunan (bukan harian); deforestasi (bukan kebakaran); tidak ada model prediktif; tidak ada metrik Recall@K,SANGAT KUAT — sumber metodologis untuk tipologi hotspot dan klaim 'limited resources',
Sakti 2022,C5,Sakti (2022),Spatial Prioritization for Wildfire Mitigation by Integrating Heterogeneous Spatial Data: A New Multi-Dimensional Approach for Tropical Rainforests,Remote Sensing (MDPI),2022,23,ID (ITB + ITERA),https://doi.org/10.3390/rs14030543,"Prioritisasi multi-dimensi: model susceptibility + carbon stock + carbon emission, digabung jadi model prioritas; dievaluasi terhadap data deforestasi historis","Heterogen multi-sumber (disaster, environmental, historical, administrative) — seluruh Indonesia",Grid/poligon prioritas (379.516 km² kategori prioritas tinggi),"Validasi terhadap data deforestasi historis (19,50% area prioritas mengalami deforestasi akibat kebakaran 10 tahun)",Kerangka prioritisasi kebakaran paling lengkap untuk Indonesia; menyoroti Sumatra sebagai wilayah prioritas tinggi; penulis dari ITERA/ITB — jejak riset kampus sendiri,"Prioritisasi statis multi-dimensi, tanpa komponen Markov/transisi; tanpa horizon harian t+1; tanpa metrik Recall@K atau evaluasi Top-K","PALING PENTING — pesaing langsung terkuat. Pembedanya harus output: mereka prioritas jangka panjang multi-kriteria, kita prioritas operasional harian berbasis transisi",
Zakaria 2019,C5,Zakaria (2019),"Markov Chain Model Development for Forecasting Air Pollution Index of Miri, Sarawak",Sustainability (MDPI),2019,44,MY,https://doi.org/10.3390/su11195190,"Rantai Markov: vektor state awal + matriks probabilitas transisi dari frekuensi observasi, maximum likelihood + formulasi linear programming","Air Pollution Index (API) observasi — Miri, Sarawak (konteks kabut asap karhutla)",Stasiun/unit wilayah tunggal,"Distribusi probabilitas state jangka panjang (good 0,9231; moderate 0,0722; unhealthy 0,0037)","Preseden langsung: rantai Markov 5-state dipakai untuk memprakirakan indeks polusi terkait kabut asap, dan **dinyatakan mampu membantu pemerintah menyusun rencana aksi pencegahan**","Transisi HOMOGEN (time-invariant) — tidak ada covariate; satu unit wilayah, bukan grid spasial; prediksi jangka panjang (steady-state), bukan t+1 harian","SANGAT KUAT UNTUK MEMBELA GAP — bukti bahwa Markov untuk variabel lingkungan terkait kebakaran ada, tapi masih homogen dan satu unit. Inilah prasasti gap 1",
Tan 2020,C5,Tan (2020),Spatial correlates of forest and land fires in Indonesia,International Journal of Wildland Fire,2020,32,SG,https://doi.org/10.1071/wf20036,GLMM (generalized linear mixed models) untuk mengaitkan kovariat spasial dengan deteksi hotspot,"Hotspot Indonesia + kovariat (konsesi logging, kelapa sawit, biomassa, tutupan lahan) pada 3 tahun (2005, 2011, 2015)",Grid spasial dengan kovariat konsesi/administratif,"Koefisien model, signifikansi; dijalankan untuk dua threshold deteksi hotspot",Menghubungkan kovariat tata guna lahan/tata kelola dengan kejadian kebakaran Indonesia; **secara eksplisit menguji dua tingkat confidence threshold deteksi hotspot (30% vs 80%)** — langsung relevan dengan mitigasi bias FIRMS kita,Hanya 3 tahun (bukan kontinu harian); GLMM statis tanpa struktur transisi; unit grid tahunan; tidak menyentuh keputusan/patroli,SANGAT KUAT — pembenaran ilmiah untuk analisis sensitivitas confidence threshold VIIRS di rencana kita,
